region,country_code,country_name,city_name,event_area,month,event_name,event_type,description,event_url,enabled,display_order
AMERICA,US,미국,뉴욕,맨해튼/도심 전역,1,뉴욕 크리스마스 시즌,SEASONAL,"록펠러센터 트리, 홀리데이 마켓, 아이스링크, 공연과 조명 명소가 이어지는 뉴욕 대표 겨울 시즌이다.",https://www.nyctourism.com/things-to-do/holidays/,true,1
AMERICA,US,미국,뉴욕,브롱크스,1,뉴욕 식물원 홀리데이 트레인 쇼,SEASONAL,뉴욕 식물원에서 미니어처 기차와 식물 재료로 만든 뉴욕 랜드마크를 함께 전시하는 겨울 대표 행사다.,https://www.nybg.org/event/holiday-train-show-2025/,true,2
AMERICA,US,미국,뉴욕,브루클린 다이커 하이츠,1,다이커 하이츠 크리스마스 조명 시즌,SEASONAL,브루클린 다이커 하이츠 주택가가 대형 크리스마스 조명과 장식으로 꾸며지는 뉴욕 대표 홀리데이 명소다.,https://www.nyctourism.com/things-to-do/holidays/,true,3
AMERICA,US,미국,뉴욕,차이나타운,2,뉴욕 음력설 축제,CULTURAL_FESTIVAL,"맨해튼 차이나타운에서 사자춤, 퍼레이드, 문화 공연으로 음력설을 기념하는 연례 축제다.",https://www.nyctourism.com/events/lunar-new-year-parade-festival/,true,4
AMERICA,US,미국,뉴욕,맨해튼 5번가,3,뉴욕 성 패트릭의 날 퍼레이드,CULTURAL_FESTIVAL,"5번가를 따라 진행되는 대규모 아일랜드 문화 퍼레이드로, 뉴욕의 대표 봄 퍼레이드 중 하나다.",https://www.nycstpatricksparade.org/,true,5
AMERICA,US,미국,뉴욕,맨해튼 5번가,4,뉴욕 부활절 퍼레이드와 보닛 페스티벌,RELIGIOUS_CULTURAL,부활절에 화려한 모자와 의상을 입은 시민들이 5번가를 걷는 뉴욕의 전통적인 봄 행사다.,https://www.nyctourism.com/events/easter-parade-and-easter-bonnet-festival1/,true,6
AMERICA,US,미국,뉴욕,브루클린 보태닉 가든,4,브루클린 보태닉 가든 하나미 벚꽃 시즌,NATURE,브루클린 보태닉 가든의 벚꽃 개화 시기에 맞춰 정원 산책과 봄꽃 감상을 즐기는 시즌 행사다.,https://www.bbg.org/visit/event/weekends_in_bloom,true,7
AMERICA,US,미국,뉴욕,뉴욕항/허드슨강 일대,5,플릿 위크 뉴욕,CULTURE,"해군, 해병대, 해안경비대 함정 공개와 시범 행사 등을 통해 해양 군 문화를 체험하는 주간 행사다.",https://cnrma.cnic.navy.mil/Operations-and-Management/Fleet-Week-New-York/,true,8
AMERICA,US,미국,뉴욕,맨해튼 뮤지엄 마일,6,뮤지엄 마일 페스티벌,ART,맨해튼 뮤지엄 마일 일대 박물관들이 무료 개방과 거리 문화 프로그램을 함께 운영하는 예술 행사다.,https://www.mcny.org/event/museum-mile-festival-2026,true,9
AMERICA,US,미국,뉴욕,브루클린 코니아일랜드,6,코니아일랜드 머메이드 퍼레이드,ART,"코니아일랜드에서 바다와 인어를 주제로 한 의상, 퍼포먼스, 거리 행렬이 펼쳐지는 대형 예술 퍼레이드다.",https://www.coneyisland.com/mermaidparade,true,10
AMERICA,US,미국,뉴욕,이스트강/브루클린 브리지 일대,7,메이시스 독립기념일 불꽃놀이,NATIONAL_HOLIDAY,미국 독립기념일에 뉴욕 스카이라인을 배경으로 열리는 대형 불꽃놀이 행사다.,https://www.macys.com/s/fireworks/,true,11
AMERICA,US,미국,뉴욕,맨해튼 리틀이탈리,9,산 젠나로 축제,RELIGIOUS_CULTURAL,"리틀이탈리 멀버리 스트리트 일대에서 이탈리아계 미국 문화, 음식, 거리 행사가 이어지는 전통 축제다.",https://sangennaronyc.org/,true,12
AMERICA,US,미국,뉴욕,그리니치 빌리지,10,빌리지 핼러윈 퍼레이드,SEASONAL,"그리니치 빌리지에서 창의적인 분장, 퍼펫, 음악 공연이 함께하는 뉴욕 대표 핼러윈 퍼레이드다.",https://halloween-nyc.com/,true,13
AMERICA,US,미국,뉴욕,맨해튼,11,메이시스 추수감사절 퍼레이드,HOLIDAY,"추수감사절 아침 대형 캐릭터 풍선, 퍼레이드카, 공연이 이어지는 미국 대표 명절 퍼레이드다.",https://www.macys.com/s/parade/,true,14
AMERICA,US,미국,뉴욕,맨해튼/도심 전역,11,뉴욕 크리스마스 시즌,SEASONAL,"록펠러센터 트리, 홀리데이 마켓, 아이스링크, 공연과 조명 명소가 이어지는 뉴욕 대표 겨울 시즌이다.",https://www.nyctourism.com/things-to-do/holidays/,true,15
AMERICA,US,미국,뉴욕,브롱크스,11,뉴욕 식물원 홀리데이 트레인 쇼,SEASONAL,뉴욕 식물원에서 미니어처 기차와 식물 재료로 만든 뉴욕 랜드마크를 함께 전시하는 겨울 대표 행사다.,https://www.nybg.org/event/holiday-train-show-2025/,true,16
AMERICA,US,미국,뉴욕,브루클린 다이커 하이츠,11,다이커 하이츠 크리스마스 조명 시즌,SEASONAL,브루클린 다이커 하이츠 주택가가 대형 크리스마스 조명과 장식으로 꾸며지는 뉴욕 대표 홀리데이 명소다.,https://www.nyctourism.com/things-to-do/holidays/,true,17
AMERICA,US,미국,뉴욕,맨해튼/도심 전역,12,뉴욕 크리스마스 시즌,SEASONAL,"록펠러센터 트리, 홀리데이 마켓, 아이스링크, 공연과 조명 명소가 이어지는 뉴욕 대표 겨울 시즌이다.",https://www.nyctourism.com/things-to-do/holidays/,true,18
AMERICA,US,미국,뉴욕,브롱크스,12,뉴욕 식물원 홀리데이 트레인 쇼,SEASONAL,뉴욕 식물원에서 미니어처 기차와 식물 재료로 만든 뉴욕 랜드마크를 함께 전시하는 겨울 대표 행사다.,https://www.nybg.org/event/holiday-train-show-2025/,true,19
AMERICA,US,미국,뉴욕,브루클린 다이커 하이츠,12,다이커 하이츠 크리스마스 조명 시즌,SEASONAL,브루클린 다이커 하이츠 주택가가 대형 크리스마스 조명과 장식으로 꾸며지는 뉴욕 대표 홀리데이 명소다.,https://www.nyctourism.com/things-to-do/holidays/,true,20
AMERICA,US,미국,뉴욕,타임스퀘어,12,타임스퀘어 새해 전야 행사,HOLIDAY,12월 31일 밤 타임스퀘어에서 카운트다운과 볼 드롭으로 새해를 맞이하는 세계적인 연말 행사다.,https://www.timessquarenyc.org/nye/nye-landing,true,21
AMERICA,US,미국,로스앤젤레스,패서디나,1,로즈 퍼레이드,TRADITION,"새해 첫날 패서디나에서 꽃 장식 플로트, 마칭밴드, 기마 행렬이 이어지는 남부 캘리포니아 대표 퍼레이드다.",https://tournamentofroses.com/event/rose-parade/,true,22
AMERICA,US,미국,로스앤젤레스,사우스 로스앤젤레스,1,킹덤 데이 퍼레이드,NATIONAL_HOLIDAY,마틴 루터 킹 주니어의 업적을 기리기 위해 사우스 LA에서 열리는 대규모 기념 퍼레이드다.,https://lasentinel.net/mlkdayparade2026,true,23
AMERICA,US,미국,로스앤젤레스,차이나타운,2,골든 드래곤 퍼레이드,CULTURAL_FESTIVAL,"LA 차이나타운에서 용춤, 전통 공연, 퍼레이드카가 이어지는 오래된 음력설 퍼레이드다.",https://www.lachinesechamber.org/events/2026/127th-annual-golden-dragon-parade,true,24
AMERICA,US,미국,로스앤젤레스,샌마리노,2,헌팅턴 음력설 축제,CULTURAL_FESTIVAL,"헌팅턴 도서관과 정원에서 사자춤, 무술 시연, 음악과 전통 공연을 즐길 수 있는 가족형 음력설 축제다.",https://www.huntington.org/lunar-new-year-festival,true,25
AMERICA,US,미국,로스앤젤레스,다운타운,4,피에스타 브로드웨이,CULTURAL_FESTIVAL,"다운타운 브로드웨이 일대에서 음악, 음식, 루차 리브레 등 라틴 문화를 즐기는 대형 거리 축제다.",https://fiesta-broadway.com/,true,26
AMERICA,US,미국,로스앤젤레스,포모나,5,LA 카운티 페어,FESTIVAL,"포모나 페어플렉스에서 놀이기구, 공연, 음식, 전시가 열리는 남부 캘리포니아 대표 카운티 페어다.",https://www.lacountyfair.com/,true,27
AMERICA,US,미국,로스앤젤레스,할리우드 보울,6,마리아치 USA 페스티벌,CULTURAL_FESTIVAL,할리우드 보울에서 마리아치 밴드 공연과 불꽃놀이가 함께 열리는 멕시코 전통 음악 축제다.,https://www.hollywoodbowl.com/events/performances/4274/2026-06-06/37th-mariachi-usa-with-fireworks,true,28
AMERICA,US,미국,로스앤젤레스,다운타운 LA,7,아니메 엑스포,CULTURE,로스앤젤레스 컨벤션센터에서 열리는 북미 최대 규모의 일본 애니메이션·팝컬처 행사다.,https://www.anime-expo.org/,true,29
AMERICA,US,미국,로스앤젤레스,에코파크,7,에코파크 로터스 페스티벌,CULTURAL_FESTIVAL,"에코파크 호수의 연꽃을 배경으로 아시아 문화 공연, 음식, 커뮤니티 프로그램이 열리는 여름 축제다.",https://recreation.parks.lacity.gov/lotusfestival,true,30
AMERICA,US,미국,로스앤젤레스,할리우드 보울,7,할리우드 보울 독립기념일 불꽃축제,NATIONAL_HOLIDAY,할리우드 보울에서 독립기념일 시즌 콘서트와 불꽃놀이가 함께 열리는 대표 여름 행사다.,https://www.hollywoodbowl.com/events/performances/4251/2026-07-04/july-fourth-fireworks-spectacular-with-the-beach-boys,true,31
AMERICA,US,미국,로스앤젤레스,다운타운 LA,8,케이콘 로스앤젤레스,CULTURE,"K-POP 공연과 K-컬처 전시, 팬 프로그램이 함께 열리는 한류 문화 컨벤션이다.",https://www.laconventioncenter.com/events/detail/kcon-la-2026,true,32
AMERICA,US,미국,로스앤젤레스,리틀도쿄,8,니세이 위크 일본 축제,CULTURAL_FESTIVAL,"리틀도쿄에서 일본계 미국 문화와 역사를 기념하며 그랜드 퍼레이드, 온도 댄싱, 문화 전시, 커뮤니티 행사가 이어지는 축제다.",https://niseiweek.org/,true,33
AMERICA,US,미국,로스앤젤레스,리틀도쿄,8,로스앤젤레스 타나바타 축제,TRADITION,리틀도쿄에서 일본 칠석 전통을 바탕으로 수제 카자리 장식 전시와 커뮤니티 참여 프로그램을 진행하는 행사다.,https://www.japanese-city.com/calendar/events/index.php?eID=34837,true,34
AMERICA,US,미국,로스앤젤레스,유니버설 시티,9,유니버설 스튜디오 할로윈 호러 나이트,SEASONAL,"유니버설 스튜디오 할리우드에서 공포 영화 테마의 미로, scare zone, 야간 어트랙션이 운영되는 핼러윈 시즌 행사다.",https://www.universalstudioshollywood.com/hhn/en/us,true,35
AMERICA,US,미국,로스앤젤레스,다운타운 LA,9,엘 그리토 멕시코 독립기념일 축제,NATIONAL_HOLIDAY,"LA 시청과 그랜드파크 일대에서 멕시코 독립기념일을 기념하는 공연, 음식, 문화 프로그램이 열리는 행사다.",https://civilandhumanrights.lacity.gov/calendar/el-grito-annual-celebration-mexican-independence-day,true,36
AMERICA,US,미국,로스앤젤레스,왓츠,9,왓츠 타워스 데이 오브 더 드럼 & 재즈 페스티벌,CULTURAL_FESTIVAL,"왓츠 타워스 아트센터에서 세계 드럼 문화와 재즈, 소울, 가스펠 공연을 함께 즐기는 무료 음악·문화 축제다.",https://lacity.gov/news/watts-towers-day-drum-festival-jazz-festival,true,37
AMERICA,US,미국,로스앤젤레스,유니버설 시티,10,유니버설 스튜디오 할로윈 호러 나이트,SEASONAL,"유니버설 스튜디오 할리우드에서 공포 영화 테마의 미로, scare zone, 야간 어트랙션이 운영되는 핼러윈 시즌 행사다.",https://www.universalstudioshollywood.com/hhn/en/us,true,38
AMERICA,US,미국,로스앤젤레스,코리아타운,10,LA 한인축제,CULTURAL_FESTIVAL,"코리아타운 서울국제공원 일대에서 한국 음식, 공연, 전통문화, K-컬처를 함께 소개하는 대형 한인 문화축제다.",https://www.lakoreanfestival.org/,true,39
AMERICA,US,미국,로스앤젤레스,크렌쇼,10,테이스트 오브 소울 패밀리 페스티벌,FOOD_FESTIVAL,"크렌쇼 블러바드 일대에서 소울푸드, 바비큐, 음악 공연, 커뮤니티 프로그램이 열리는 대형 거리 축제다.",https://www.instagram.com/tasteofsoullafest/,true,40
AMERICA,US,미국,로스앤젤레스,할리우드 포에버 공동묘지,10,할리우드 포에버 디아 데 로스 무에르토스,RELIGIOUS_CULTURAL,"할리우드 포에버에서 제단, 전통 복식, 음악과 예술로 멕시코 망자의 날 문화를 기념하는 대표 행사다.",https://www.ladayofthedead.com/,true,41
AMERICA,US,미국,로스앤젤레스,할리우드,11,할리우드 크리스마스 퍼레이드,SEASONAL,"추수감사절 이후 할리우드에서 산타, 플로트, 밴드, 유명 인사가 등장하며 연말 분위기를 여는 퍼레이드다.",https://thehollywoodchristmasparade.org/,true,42
AMERICA,US,미국,로스앤젤레스,도심 전역,12,로스앤젤레스 크리스마스 시즌,SEASONAL,"LA 전역에서 홀리데이 조명, 겨울 마켓, 야외 아이스링크, 시즌 공연이 이어지는 연말 시즌이다.",https://www.discoverlosangeles.com/holidays,true,43
AMERICA,US,미국,샌프란시스코,도심/예르바 부에나 가든,1,샌프란시스코 MLK 기념 행진과 음악 축제,NATIONAL_HOLIDAY,"마틴 루터 킹 주니어 기념일에 맞춰 행진, 추모 프로그램, 음악 축제가 이어지는 샌프란시스코 대표 기념 행사다.",https://norcalmlkfoundation.org/mlkcelebration/mlk2026/,true,44
AMERICA,US,미국,샌프란시스코,유니언 스퀘어,1,유니언 스퀘어 크리스마스 트리 시즌,SEASONAL,유니언 스퀘어의 대형 크리스마스 트리와 조명 장식이 연말부터 새해 초까지 이어지는 겨울 시즌 명소다.,https://www.visitunionsquaresf.com/holiday-events,true,45
AMERICA,US,미국,샌프란시스코,도심 전역,1,샌프란시스코 크리스마스 시즌,SEASONAL,"샌프란시스코 도심과 주요 관광지에서 홀리데이 조명, 겨울 마켓, 시즌 공연이 이어지는 연말·새해 초 시즌이다.",https://www.sftravel.com/article/holidays-san-francisco,true,46
AMERICA,US,미국,샌프란시스코,차이나타운,2,샌프란시스코 음력설 꽃시장 축제,CULTURAL_FESTIVAL,"차이나타운에서 새해 장식, 꽃, 과일, 전통 공연을 즐기며 음력설을 준비하는 대표 꽃시장 축제다.",https://chineseparade.com/flowermarketfair/,true,47
AMERICA,US,미국,샌프란시스코,필모어,2,샌프란시스코 마르디 그라 팻 튜스데이 축제,CULTURAL_FESTIVAL,"필모어 지역에서 뉴올리언스식 세컨드라인 퍼레이드, 음악 공연, 커뮤니티 축제가 함께 열리는 팻 튜스데이 행사다.",https://sf.funcheap.com/fat-tuesday-sf-20th-mardi-gras-celebration-parade-fillmore/,true,48
AMERICA,US,미국,샌프란시스코,차이나타운/마켓 스트리트,3,샌프란시스코 중국 설날 퍼레이드,CULTURAL_FESTIVAL,"화려한 용춤, 사자춤, 플로트, 폭죽과 공연이 이어지는 미국 최대 규모권의 중국 설날 퍼레이드다.",https://chineseparade.com/,true,49
AMERICA,US,미국,샌프란시스코,도심/시빅 센터,3,샌프란시스코 성 패트릭의 날 퍼레이드,CULTURAL_FESTIVAL,아일랜드 문화와 커뮤니티를 기념하며 도심을 행진하는 샌프란시스코의 전통적인 봄 퍼레이드다.,https://uissf.org/,true,50
AMERICA,US,미국,샌프란시스코,재팬타운,4,북가주 벚꽃 축제,CULTURAL_FESTIVAL,"재팬타운에서 벚꽃 시즌을 맞아 일본 문화 공연, 퍼레이드, 음식, 전통 체험이 열리는 북가주 대표 봄 축제다.",https://sfcherryblossom.org/,true,51
AMERICA,US,미국,샌프란시스코,미션 디스트릭트,5,샌프란시스코 카니발,CULTURAL_FESTIVAL,"미션 디스트릭트에서 라틴아메리카와 카리브 문화, 퍼레이드, 음악, 춤이 어우러지는 대형 문화 축제다.",https://carnavalsanfrancisco.org/,true,52
AMERICA,US,미국,샌프란시스코,노스 비치,6,노스 비치 페스티벌,FESTIVAL,"노스 비치 일대에서 예술, 음식, 라이브 음악, 거리 부스가 열리는 샌프란시스코 대표 거리 축제다.",https://www.northbeachfestival.org/,true,53
AMERICA,US,미국,샌프란시스코,스턴 그로브,6,스턴 그로브 페스티벌,ART,스턴 그로브 야외 공연장에서 여름 동안 무료 콘서트가 이어지는 샌프란시스코 대표 음악 축제다.,https://www.sterngrove.org/,true,54
AMERICA,US,미국,샌프란시스코,노스 비치,6,페스타 이탈리아나 스트리트 페어,CULTURAL_FESTIVAL,"노스 비치에서 이탈리아 음식, 음악, 문화 프로그램이 열리는 샌프란시스코의 이탈리아 거리 축제다.",https://sfiacfoundation.org/festa,true,55
AMERICA,US,미국,샌프란시스코,스턴 그로브,7,스턴 그로브 페스티벌,ART,스턴 그로브 야외 공연장에서 여름 동안 무료 콘서트가 이어지는 샌프란시스코 대표 음악 축제다.,https://www.sterngrove.org/,true,56
AMERICA,US,미국,샌프란시스코,필모어,7,필모어 재즈 페스티벌,ART,"필모어 스트리트 일대에서 재즈 공연, 음식, 지역 부스가 함께 열리는 서부권 대표 무료 재즈 거리 축제다.",https://fillmorejazzfest.com/,true,57
AMERICA,US,미국,샌프란시스코,스턴 그로브,8,스턴 그로브 페스티벌,ART,스턴 그로브 야외 공연장에서 여름 동안 무료 콘서트가 이어지는 샌프란시스코 대표 음악 축제다.,https://www.sterngrove.org/,true,58
AMERICA,US,미국,샌프란시스코,골든게이트 파크,8,아웃사이드 랜즈,ART,"골든게이트 파크에서 음악, 음식, 예술 프로그램이 함께 열리는 샌프란시스코 대표 대형 음악 축제다.",https://sfoutsidelands.com/,true,59
AMERICA,US,미국,샌프란시스코,마리나/베이 일대,10,샌프란시스코 플리트 위크,CULTURE,"해군 함정 공개, 항공 쇼, 군악대 공연 등이 이어지는 샌프란시스코 베이 지역의 대표 가을 행사다.",https://fleetweeksf.org/,true,60
AMERICA,US,미국,샌프란시스코,골든게이트 파크,10,하들리 스트릭틀리 블루그래스,ART,"골든게이트 파크에서 열리는 무료 블루그래스·아메리카나 음악 축제로, 여러 무대와 공연이 이어진다.",https://hardlystrictlybluegrass.com/,true,61
AMERICA,US,미국,샌프란시스코,유니언 스퀘어,11,유니언 스퀘어 크리스마스 트리 시즌,SEASONAL,유니언 스퀘어의 대형 크리스마스 트리와 조명 장식이 연말부터 새해 초까지 이어지는 겨울 시즌 명소다.,https://www.visitunionsquaresf.com/holiday-events,true,62
AMERICA,US,미국,샌프란시스코,도심 전역,11,샌프란시스코 크리스마스 시즌,SEASONAL,"샌프란시스코 도심과 주요 관광지에서 홀리데이 조명, 겨울 마켓, 시즌 공연이 이어지는 겨울 시즌이다.",https://www.sftravel.com/article/holidays-san-francisco,true,63
AMERICA,US,미국,샌프란시스코,유니언 스퀘어,12,유니언 스퀘어 크리스마스 트리 시즌,SEASONAL,유니언 스퀘어의 대형 크리스마스 트리와 조명 장식이 연말부터 새해 초까지 이어지는 겨울 시즌 명소다.,https://www.visitunionsquaresf.com/holiday-events,true,64
AMERICA,US,미국,샌프란시스코,도심 전역,12,샌프란시스코 크리스마스 시즌,SEASONAL,"샌프란시스코 도심과 주요 관광지에서 홀리데이 조명, 겨울 마켓, 시즌 공연이 이어지는 겨울 시즌이다.",https://www.sftravel.com/article/holidays-san-francisco,true,65
AMERICA,US,미국,시카고,노덜리 아일랜드,1,폴라 어드벤처 데이즈,NATURE,"겨울철 야외 자연 체험, 동물 프로그램, 가족 활동이 진행되는 시카고 파크 디스트릭트의 겨울 행사다.",https://www.chicagoparkdistrict.com/events/polar-adventure-days,true,66
AMERICA,US,미국,시카고,가필드 파크 온실,2,가필드 파크 온실 봄 꽃 전시,NATURE,가필드 파크 온실에서 봄꽃을 주제로 계절 식물과 정원 전시를 선보이는 실내 꽃 전시다.,https://www.chicagoparkdistrict.com/conservatory-flower-shows,true,67
AMERICA,US,미국,시카고,노덜리 아일랜드,2,폴라 어드벤처 데이즈,NATURE,"겨울철 야외 자연 체험, 동물 프로그램, 가족 활동이 진행되는 시카고 파크 디스트릭트의 겨울 행사다.",https://www.chicagoparkdistrict.com/events/polar-adventure-days,true,68
AMERICA,US,미국,시카고,시카고 강/도심,3,시카고 강 초록 물들이기 행사,CULTURAL_FESTIVAL,성 패트릭의 날을 맞아 시카고 강을 초록색으로 물들이는 도시 대표 봄 행사다.,https://www.choosechicago.com/articles/holidays/st-patricks-day-chicago/,true,69
AMERICA,US,미국,시카고,도심,3,시카고 성 패트릭의 날 퍼레이드,CULTURAL_FESTIVAL,아일랜드 문화와 성 패트릭의 날을 기념해 도심에서 열리는 대규모 퍼레이드다.,https://www.choosechicago.com/articles/holidays/st-patricks-day-chicago/,true,70
AMERICA,US,미국,시카고,스테이트 스트리트/데일리 플라자,5,시카고 메모리얼 데이 퍼레이드,NATIONAL_HOLIDAY,미국 현충일을 기념해 참전용사와 군 관련 단체가 참여하는 시카고 도심 퍼레이드다.,https://www.chicago.gov/city/en/depts/dca/supp_info/memorial_day_parade.html,true,71
AMERICA,US,미국,시카고,밀레니엄 파크,6,시카고 블루스 페스티벌,ART,시카고 블루스 전통을 기념하며 국내외 블루스 뮤지션 공연이 열리는 대표 무료 음악 축제다.,https://www.chicago.gov/city/en/depts/dca/supp_info/chicago_blues_festival.html,true,72
AMERICA,US,미국,시카고,밀레니엄 파크,6,밀레니엄 파크 서머 뮤직 시리즈,ART,밀레니엄 파크 야외무대에서 여름 동안 지역 및 투어 아티스트 공연이 이어지는 무료 음악 시리즈다.,https://www.choosechicago.com/articles/festivals-special-events/chicago-festival-event-guide/,true,73
AMERICA,US,미국,시카고,밀레니엄 파크,6,밀레니엄 파크 서머 필름 시리즈,ART,밀레니엄 파크에서 여름 밤 야외 영화를 상영하는 무료 영화 시리즈다.,https://www.choosechicago.com/articles/festivals-special-events/chicago-festival-event-guide/,true,74
AMERICA,US,미국,시카고,그랜트 파크,7,테이스트 오브 시카고,FOOD_FESTIVAL,"시카고 대표 음식점과 푸드트럭, 음악 공연을 함께 즐길 수 있는 도시 대표 미식 축제다.",https://www.chicago.gov/city/en/depts/dca/supp_info/taste_of_chicago.html,true,75
AMERICA,US,미국,시카고,밀레니엄 파크,7,시카고 가스펠 뮤직 페스티벌,ART,가스펠 음악의 역사와 전통을 기념하며 합창단과 아티스트 공연이 열리는 무료 음악 축제다.,https://www.chicago.gov/city/en/depts/dca/supp_info/chicago_gospel_musicfestival.html,true,76
AMERICA,US,미국,시카고,밀레니엄 파크,7,밀레니엄 파크 서머 뮤직 시리즈,ART,밀레니엄 파크 야외무대에서 여름 동안 지역 및 투어 아티스트 공연이 이어지는 무료 음악 시리즈다.,https://www.choosechicago.com/articles/festivals-special-events/chicago-festival-event-guide/,true,77
AMERICA,US,미국,시카고,밀레니엄 파크,7,밀레니엄 파크 서머 필름 시리즈,ART,밀레니엄 파크에서 여름 밤 야외 영화를 상영하는 무료 영화 시리즈다.,https://www.choosechicago.com/articles/festivals-special-events/chicago-festival-event-guide/,true,78
AMERICA,US,미국,시카고,그랜트 파크,7,롤라팔루자,ART,그랜트 파크에서 여러 장르의 대형 무대 공연이 펼쳐지는 시카고 대표 음악 페스티벌이다.,https://www.lollapalooza.com/,true,79
AMERICA,US,미국,시카고,그랜트 파크,8,롤라팔루자,ART,그랜트 파크에서 여러 장르의 대형 무대 공연이 펼쳐지는 시카고 대표 음악 페스티벌이다.,https://www.lollapalooza.com/,true,80
AMERICA,US,미국,시카고,노스 애비뉴 비치/호숫가,8,시카고 에어 앤 워터 쇼,FESTIVAL,미시간호 상공과 호숫가에서 항공 곡예와 수상 시범이 펼쳐지는 시카고 대표 여름 행사다.,https://www.chicago.gov/city/en/depts/dca/supp_info/chicago_air_and_watershow.html,true,81
AMERICA,US,미국,시카고,밀레니엄 파크,8,밀레니엄 파크 서머 뮤직 시리즈,ART,밀레니엄 파크 야외무대에서 여름 동안 지역 및 투어 아티스트 공연이 이어지는 무료 음악 시리즈다.,https://www.choosechicago.com/articles/festivals-special-events/chicago-festival-event-guide/,true,82
AMERICA,US,미국,시카고,밀레니엄 파크,8,밀레니엄 파크 서머 필름 시리즈,ART,밀레니엄 파크에서 여름 밤 야외 영화를 상영하는 무료 영화 시리즈다.,https://www.choosechicago.com/articles/festivals-special-events/chicago-festival-event-guide/,true,83
AMERICA,US,미국,시카고,밀레니엄 파크/시카고 컬처럴 센터,9,시카고 재즈 페스티벌,ART,시카고와 세계의 재즈 뮤지션 공연이 이어지는 도시 대표 무료 재즈 축제다.,https://www.chicago.gov/city/en/depts/dca/supp_info/chicago_jazz_festival.html,true,84
AMERICA,US,미국,시카고,스테이트 스트리트,11,시카고 추수감사절 퍼레이드,HOLIDAY,"추수감사절 아침 대형 풍선, 공연팀, 퍼레이드카가 스테이트 스트리트를 따라 행진하는 명절 퍼레이드다.",https://www.chicagothanksgivingparade.com/,true,85
AMERICA,US,미국,시카고,데일리 플라자/리글리빌,11,시카고 크리스트킨들마켓,SEASONAL,"독일식 크리스마스 마켓 분위기 속에서 음식, 공예품, 장식품을 즐길 수 있는 시카고 대표 겨울 마켓이다.",https://www.christkindlmarket.com/,true,86
AMERICA,US,미국,시카고,도심 전역,11,시카고 크리스마스 시즌,SEASONAL,"시카고 도심과 주요 관광지에서 크리스마스 조명, 마켓, 아이스링크, 시즌 공연이 이어지는 겨울 시즌이다.",https://www.choosechicago.com/articles/holidays/christmas-in-chicago/,true,87
AMERICA,US,미국,시카고,데일리 플라자/리글리빌,12,시카고 크리스트킨들마켓,SEASONAL,"독일식 크리스마스 마켓 분위기 속에서 음식, 공예품, 장식품을 즐길 수 있는 시카고 대표 겨울 마켓이다.",https://www.christkindlmarket.com/,true,88
AMERICA,US,미국,시카고,도심 전역,12,시카고 크리스마스 시즌,SEASONAL,"시카고 도심과 주요 관광지에서 크리스마스 조명, 마켓, 아이스링크, 시즌 공연이 이어지는 겨울 시즌이다.",https://www.choosechicago.com/articles/holidays/christmas-in-chicago/,true,89
AMERICA,US,미국,시애틀,시애틀 컨벤션 센터,2,노스웨스트 플라워 앤 가든 페스티벌,NATURE,"정원 디자인, 플라워 쇼, 원예 전시와 세미나가 열리는 북서부 대표 정원 박람회형 행사다.",https://www.gardenshow.com/,true,90
AMERICA,US,미국,시애틀,시애틀 컨벤션 센터,3,에메랄드 시티 코믹콘,CULTURE,"만화, 영화, 게임, 코스프레, 팝컬처 팬 프로그램이 열리는 시애틀 대표 코믹콘 행사다.",https://www.emeraldcitycomiccon.com/,true,91
AMERICA,US,미국,시애틀,워싱턴 대학교/U 디스트릭트,3,U 디스트릭트 벚꽃 축제,NATURE,워싱턴 대학교 벚꽃 개화 시기에 맞춰 U 디스트릭트 일대에서 봄꽃 산책과 지역 프로그램을 즐기는 시즌 행사다.,https://udistrictseattle.com/cherryblossomfestival/,true,92
AMERICA,US,미국,시애틀,스캐짓 밸리,4,스캐짓 밸리 튤립 축제,NATURE,시애틀 근교 스캐짓 밸리의 대규모 튤립 밭과 봄꽃 경관을 즐기는 워싱턴주의 대표 봄꽃 축제다.,https://tulipfestival.org/,true,93
AMERICA,US,미국,시애틀,시애틀 센터,4,시애틀 벚꽃과 일본 문화 축제,CULTURAL_FESTIVAL,"시애틀 센터에서 일본 문화 공연, 전시, 전통 체험과 벚꽃의 의미를 함께 기념하는 문화 축제다.",https://www.seattlecenter.com/events/featured-events/festal/seattle-cherry-blossom-festival,true,94
AMERICA,US,미국,시애틀,시애틀 센터,5,노스웨스트 포크라이프 페스티벌,CULTURAL_FESTIVAL,"민속음악, 춤, 커뮤니티 공연, 전통문화 프로그램이 열리는 시애틀 대표 문화 축제다.",https://nwfolklife.org/festival/,true,95
AMERICA,US,미국,시애틀,프리몬트,6,프리몬트 솔스티스 퍼레이드,CULTURAL_FESTIVAL,"하지 시즌에 프리몬트 지역에서 예술 행렬, 음악, 커뮤니티 퍼레이드가 펼쳐지는 개성 있는 여름 행사다.",https://fremontfair.com/solstice-parade/,true,96
AMERICA,US,미국,시애틀,가스웍스 파크/레이크 유니언,7,시페어 독립기념일 불꽃축제,NATIONAL_HOLIDAY,레이크 유니언과 가스웍스 파크 일대에서 열리는 시애틀의 대표 독립기념일 불꽃놀이 행사다.,https://www.seafair.org/4th-of-july/,true,97
AMERICA,US,미국,시애틀,시애틀 워터프런트,7,시페어 토치라이트 퍼레이드,CULTURAL_FESTIVAL,"시애틀 워터프런트에서 조명 장식 플로트, 마칭밴드, 지역 단체가 행진하는 Seafair 대표 야간 퍼레이드다.",https://www.seafair.org/torchlight-parade/,true,98
AMERICA,US,미국,시애틀,제너시 파크/워싱턴 호수,8,시페어 위켄드 페스티벌,FESTIVAL,"블루 엔젤스 에어쇼, 하이드로플레인 보트 레이스, 해양 축제가 함께 열리는 Seafair의 대표 하이라이트 주말 행사다.",https://www.seafair.org/seafair-weekend-festival/,true,99
AMERICA,US,미국,시애틀,시애틀 센터,9,범버슈트,ART,"음악, 코미디, 시각예술, 퍼포먼스가 함께 열리는 시애틀의 대표 예술·음악 페스티벌이다.",https://bumbershoot.com/,true,100
AMERICA,US,미국,시애틀,도심/공연장 일대,10,이어샷 재즈 페스티벌,ART,시애틀 여러 공연장에서 국내외 재즈 뮤지션의 공연이 이어지는 장기 재즈 축제다.,https://www.earshot.org/earshot-jazz-festival/,true,101
AMERICA,US,미국,시애틀,시애틀 센터,10,시애틀 카트리나스 페스티벌,RELIGIOUS_CULTURAL,"멕시코 망자의 날 문화를 바탕으로 카트리나 분장, 제단, 공연, 예술 프로그램이 열리는 문화 행사다.",https://seattlecenter.com/events/featured-events/festal/dia-de-muertos,true,102
AMERICA,US,미국,시애틀,시애틀 센터,11,시애틀 카트리나스 페스티벌,RELIGIOUS_CULTURAL,"멕시코 망자의 날 문화를 바탕으로 카트리나 분장, 제단, 공연, 예술 프로그램이 열리는 문화 행사다.",https://seattlecenter.com/events/featured-events/festal/dia-de-muertos,true,103
AMERICA,US,미국,시애틀,시애틀 센터,11,시애틀 센터 윈터페스트,SEASONAL,"시애틀 센터에서 겨울 공연, 조명, 가족 프로그램과 연말 분위기를 즐길 수 있는 대표 겨울 시즌 행사다.",https://www.seattlecenter.com/winterfest,true,104
AMERICA,US,미국,시애틀,도심 전역,11,시애틀 크리스마스 시즌,SEASONAL,"도심 조명, 홀리데이 마켓, 겨울 공연, 쇼핑 명소가 이어지는 시애틀의 연말 시즌이다.",https://visitseattle.org/things-to-do/events/holidays/,true,105
AMERICA,US,미국,시애틀,시애틀 센터,12,시애틀 센터 윈터페스트,SEASONAL,"시애틀 센터에서 겨울 공연, 조명, 가족 프로그램과 연말 분위기를 즐길 수 있는 대표 겨울 시즌 행사다.",https://www.seattlecenter.com/winterfest,true,106
AMERICA,US,미국,시애틀,도심 전역,12,시애틀 크리스마스 시즌,SEASONAL,"도심 조명, 홀리데이 마켓, 겨울 공연, 쇼핑 명소가 이어지는 시애틀의 연말 시즌이다.",https://visitseattle.org/things-to-do/events/holidays/,true,107
AMERICA,CA,캐나다,토론토,토론토 참여 레스토랑,1,윈터리셔스,FOOD_FESTIVAL,토론토 여러 레스토랑에서 겨울 시즌 prix fixe 메뉴를 제공하는 도시 대표 미식 행사다.,https://www.toronto.ca/explore-enjoy/festivals-events/winterlicious/,true,108
AMERICA,CA,캐나다,토론토,토론토 참여 레스토랑,2,윈터리셔스,FOOD_FESTIVAL,토론토 여러 레스토랑에서 겨울 시즌 prix fixe 메뉴를 제공하는 도시 대표 미식 행사다.,https://www.toronto.ca/explore-enjoy/festivals-events/winterlicious/,true,109
AMERICA,CA,캐나다,토론토,도심/시립 문화시설 일대,2,패밀리데이 연휴 축제,HOLIDAY,"패밀리데이 연휴에 박물관, 야외 스케이트장, 가족 프로그램 등 토론토 전역에서 열리는 가족형 연휴 행사다.",https://www.toronto.ca/news/celebrate-family-day-weekend-with-a-range-of-activities/,true,110
AMERICA,CA,캐나다,토론토,도심 퍼레이드 구간,3,토론토 성 패트릭의 날 퍼레이드,CULTURAL_FESTIVAL,아일랜드 문화와 성 패트릭의 날을 기념하며 도심에서 열리는 토론토 대표 봄 퍼레이드다.,https://www.stpatrickstoronto.com/events,true,111
AMERICA,CA,캐나다,토론토,하이파크,4,하이파크 벚꽃 시즌,NATURE,하이파크의 사쿠라 벚꽃 개화 시기에 맞춰 봄꽃 산책을 즐기는 토론토 대표 자연 시즌이다.,https://highparknaturecentre.com/cherry-blossom-watch/,true,112
AMERICA,CA,캐나다,토론토,하이파크,5,하이파크 벚꽃 시즌,NATURE,하이파크의 사쿠라 벚꽃 개화 시기에 맞춰 봄꽃 산책을 즐기는 토론토 대표 자연 시즌이다.,https://highparknaturecentre.com/cherry-blossom-watch/,true,113
AMERICA,CA,캐나다,토론토,토론토 전역,5,도어스 오픈 토론토,CULTURE,평소 공개되지 않거나 유료인 건축물과 문화공간을 무료로 둘러볼 수 있는 토론토 대표 건축·문화 행사다.,https://www.toronto.ca/explore-enjoy/festivals-events/doors-open-toronto/,true,114
AMERICA,CA,캐나다,토론토,도심 문화공간 일대,6,루미나토 페스티벌,ART,"공연예술, 음악, 시각예술, 도시형 프로젝트가 함께 열리는 토론토 대표 종합 예술 축제다.",https://luminatofestival.com/,true,115
AMERICA,CA,캐나다,토론토,도심 공연장 일대,6,토론토 재즈 페스티벌,ART,토론토 주요 공연장과 야외 공간에서 재즈 공연이 이어지는 여름 음악 축제다.,https://torontojazz.com/,true,116
AMERICA,CA,캐나다,토론토,도심/워터프런트 일대,7,캐나다 데이 불꽃놀이,NATIONAL_HOLIDAY,"7월 1일 캐나다 데이를 맞아 토론토 전역에서 공연, 가족 프로그램, 불꽃놀이가 열리는 국가 기념 행사다.",https://www.toronto.ca/explore-enjoy/festivals-events/canada-day/,true,117
AMERICA,CA,캐나다,토론토,토론토 참여 레스토랑,7,썸머리셔스,FOOD_FESTIVAL,토론토 여러 레스토랑에서 여름 시즌 prix fixe 메뉴를 제공하는 도시 대표 미식 행사다.,https://www.toronto.ca/explore-enjoy/festivals-events/summerlicious/,true,118
AMERICA,CA,캐나다,토론토,도심/페스티벌 장소 일대,7,토론토 카리브해 카니발 시즌,CULTURAL_FESTIVAL,"카리브해 문화, 음악, 음식, 마스 밴드 행사가 이어지는 북미 최대 규모권의 카리브해 문화 축제 시즌이다.",https://torontocarnival.ca/,true,119
AMERICA,CA,캐나다,토론토,엑시비션 플레이스/레이크쇼어 블러바드,8,토론토 카리브해 카니발 그랜드 퍼레이드,CULTURAL_FESTIVAL,"화려한 의상과 마스 밴드, 음악이 어우러지는 토론토 카리브해 카니발의 대표 퍼레이드다.",https://torontocarnival.ca/,true,120
AMERICA,CA,캐나다,토론토,엑시비션 플레이스,8,캐나다 국립 박람회,FESTIVAL,"놀이기구, 음식, 전시, 공연이 함께 열리는 토론토의 대형 여름 박람회다.",https://www.theex.com/,true,121
AMERICA,CA,캐나다,토론토,댄포스 애비뉴,8,테이스트 오브 더 댄포스,FOOD_FESTIVAL,"그리스타운으로 알려진 댄포스 일대에서 음식, 음악, 거리 공연을 즐기는 토론토 대표 음식 축제다.",https://tasteofthedanforth.com/,true,122
AMERICA,CA,캐나다,토론토,엑시비션 플레이스,9,캐나다 국립 박람회,FESTIVAL,"놀이기구, 음식, 전시, 공연이 함께 열리는 토론토의 대형 여름 박람회다.",https://www.theex.com/,true,123
AMERICA,CA,캐나다,토론토,토론토 전역,10,누이 블랑쉬 토론토,ART,"밤새 도시 곳곳에서 공공미술, 설치미술, 퍼포먼스를 즐길 수 있는 토론토 대표 야간 예술 행사다.",https://www.toronto.ca/explore-enjoy/festivals-events/nuitblanche/,true,124
AMERICA,CA,캐나다,토론토,엑시비션 플레이스,11,로열 애그리컬처럴 윈터 페어,FESTIVAL,"농업, 승마, 식품, 동물 전시가 함께 열리는 캐나다 대표 겨울 농업 박람회다.",https://www.royalfair.org/,true,125
AMERICA,CA,캐나다,토론토,네이선 필립스 스퀘어,11,카발케이드 오브 라이츠,SEASONAL,"토론토 공식 크리스마스 트리 점등, 조명 설치, 스케이트와 공연이 이어지는 겨울 시즌 행사다.",https://www.toronto.ca/explore-enjoy/festivals-events/cavalcade-of-lights/,true,126
AMERICA,CA,캐나다,토론토,디스틸러리 디스트릭트,11,디스틸러리 윈터 빌리지,SEASONAL,"디스틸러리 디스트릭트에서 크리스마스 트리, 조명, 마켓, 겨울 분위기를 즐기는 대표 홀리데이 빌리지다.",https://www.thedistillerywintervillage.com/,true,127
AMERICA,CA,캐나다,토론토,네이선 필립스 스퀘어,12,카발케이드 오브 라이츠,SEASONAL,"토론토 공식 크리스마스 트리 점등, 조명 설치, 스케이트와 공연이 이어지는 겨울 시즌 행사다.",https://www.toronto.ca/explore-enjoy/festivals-events/cavalcade-of-lights/,true,128
AMERICA,CA,캐나다,토론토,카사 로마,12,카사 로마 홀리데이 라이트 투어,SEASONAL,카사 로마 성과 정원이 홀리데이 조명으로 꾸며지는 토론토의 대표 겨울 야간 관람 행사다.,https://casaloma.ca/project/holiday-lights/,true,129
AMERICA,CA,캐나다,토론토,디스틸러리 디스트릭트,12,디스틸러리 윈터 빌리지,SEASONAL,"디스틸러리 디스트릭트에서 크리스마스 트리, 조명, 마켓, 겨울 분위기를 즐기는 대표 홀리데이 빌리지다.",https://www.thedistillerywintervillage.com/,true,130
AMERICA,CA,캐나다,밴쿠버,밴쿠버 참여 레스토랑,1,다인 아웃 밴쿠버 페스티벌,FOOD_FESTIVAL,밴쿠버 여러 레스토랑에서 특별 메뉴와 미식 프로그램을 제공하는 도시 대표 겨울 음식 축제다.,https://www.dineoutvancouver.com/,true,131
AMERICA,CA,캐나다,밴쿠버,밴쿠버 참여 레스토랑,2,다인 아웃 밴쿠버 페스티벌,FOOD_FESTIVAL,밴쿠버 여러 레스토랑에서 특별 메뉴와 미식 프로그램을 제공하는 도시 대표 겨울 음식 축제다.,https://www.dineoutvancouver.com/,true,132
AMERICA,CA,캐나다,밴쿠버,차이나타운/도심 문화공간,2,밴쿠버 음력설 퍼레이드와 축제,CULTURAL_FESTIVAL,"음력설을 맞아 차이나타운 퍼레이드, 사자춤, 예술 프로그램과 커뮤니티 행사가 열리는 밴쿠버의 대표 설 행사다.",https://lunarfestvancouver.ca/,true,133
AMERICA,CA,캐나다,밴쿠버,도심 공연장 일대,3,셀틱페스트 밴쿠버,CULTURAL_FESTIVAL,"아일랜드·켈트 문화의 음악, 춤, 공연, 커뮤니티 행사가 열리는 밴쿠버의 봄 문화축제다.",https://www.celticfestvancouver.com/,true,134
AMERICA,CA,캐나다,밴쿠버,밴쿠버 전역,4,밴쿠버 벚꽃 축제,NATURE,도시 곳곳의 벚꽃 명소와 일본 문화 프로그램을 함께 즐기는 밴쿠버 대표 봄꽃 축제다.,https://vcbf.ca/,true,135
AMERICA,CA,캐나다,밴쿠버,서리/밴쿠버권,4,밴쿠버 바이사키 퍼레이드,RELIGIOUS_CULTURAL,"시크교 바이사키 명절을 기념하며 퍼레이드, 음식 나눔, 전통 공연이 열리는 메트로 밴쿠버 대표 문화 행사다.",https://vaisakhivancouver.com/,true,136
AMERICA,CA,캐나다,밴쿠버,그랜빌 아일랜드,5,밴쿠버 국제 어린이 축제,CULTURAL_FESTIVAL,"어린이와 가족을 위한 공연, 예술 체험, 창의 프로그램이 그랜빌 아일랜드에서 열리는 가족형 문화축제다.",https://www.childrensfestival.ca/,true,137
AMERICA,CA,캐나다,밴쿠버,도심 공연장/해안가 일대,6,밴쿠버 국제 재즈 페스티벌,ART,밴쿠버 여러 공연장과 야외 공간에서 재즈 공연이 이어지는 도시 대표 음악 축제다.,https://www.coastaljazz.ca/,true,138
AMERICA,CA,캐나다,밴쿠버,제리코 비치 파크,7,밴쿠버 포크 뮤직 페스티벌,ART,"제리코 비치 파크에서 포크, 월드뮤직, 싱어송라이터 공연이 열리는 여름 음악 축제다.",https://thefestival.bc.ca/,true,139
AMERICA,CA,캐나다,밴쿠버,캐나다 플레이스/도심 워터프런트,7,캐나다 데이 축제,NATIONAL_HOLIDAY,7월 1일 캐나다 데이를 맞아 밴쿠버 도심과 워터프런트에서 공연과 가족 프로그램이 열리는 국가 기념 행사다.,https://www.canadaplace.ca/events/canada-together/,true,140
AMERICA,CA,캐나다,밴쿠버,잉글리시 베이,7,혼다 셀러브레이션 오브 라이트,FESTIVAL,잉글리시 베이에서 여러 국가의 불꽃 공연이 펼쳐지는 밴쿠버 대표 여름 불꽃축제다.,https://hondacelebrationoflight.com/,true,141
AMERICA,CA,캐나다,밴쿠버,포트무디,7,포트무디 리브페스트,FOOD_FESTIVAL,"포트무디에서 바비큐 립, 라이브 음악, 가족 프로그램이 함께 열리는 메트로 밴쿠버권 음식 축제다.",https://portmoodyribfest.ca/,true,142
AMERICA,CA,캐나다,밴쿠버,헤이스팅스 파크,8,PNE 페어,FESTIVAL,"놀이기구, 공연, 전시, 음식, 야간 콘서트가 함께 열리는 밴쿠버 대표 여름 박람회다.",https://www.pne.ca/,true,143
AMERICA,CA,캐나다,밴쿠버,헤이스팅스 파크,9,PNE 페어,FESTIVAL,"놀이기구, 공연, 전시, 음식, 야간 콘서트가 함께 열리는 밴쿠버 대표 여름 박람회다.",https://www.pne.ca/,true,144
AMERICA,CA,캐나다,밴쿠버,그랜빌 아일랜드/도심 공연장,9,밴쿠버 프린지 페스티벌,ART,독립 공연예술 작품들이 여러 극장과 공간에서 열리는 밴쿠버 대표 프린지 예술 축제다.,https://www.vancouverfringe.com/,true,145
AMERICA,CA,캐나다,밴쿠버,스탠리 파크,10,스탠리 파크 고스트 트레인,SEASONAL,스탠리 파크 미니 기차가 핼러윈 테마로 운영되는 밴쿠버의 대표 가족형 가을 시즌 행사다.,https://vancouver.ca/parks-recreation-culture/ghost-train.aspx,true,146
AMERICA,CA,캐나다,밴쿠버,반두센 식물원,11,반두센 식물원 빛의 축제,SEASONAL,반두센 식물원이 수많은 조명으로 꾸며지는 밴쿠버의 대표 겨울 야간 조명 행사다.,https://vancouver.ca/parks-recreation-culture/festival-of-lights.aspx,true,147
AMERICA,CA,캐나다,밴쿠버,잭 풀 플라자,11,밴쿠버 크리스마스 마켓,SEASONAL,"독일식 크리스마스 마켓 분위기 속에서 겨울 음식, 공예품, 조명을 즐기는 밴쿠버 대표 홀리데이 마켓이다.",https://www.vancouverchristmasmarket.com/,true,148
AMERICA,CA,캐나다,밴쿠버,반두센 식물원,12,반두센 식물원 빛의 축제,SEASONAL,반두센 식물원이 수많은 조명으로 꾸며지는 밴쿠버의 대표 겨울 야간 조명 행사다.,https://vancouver.ca/parks-recreation-culture/festival-of-lights.aspx,true,149
AMERICA,CA,캐나다,밴쿠버,잭 풀 플라자,12,밴쿠버 크리스마스 마켓,SEASONAL,"독일식 크리스마스 마켓 분위기 속에서 겨울 음식, 공예품, 조명을 즐기는 밴쿠버 대표 홀리데이 마켓이다.",https://www.vancouverchristmasmarket.com/,true,150
AMERICA,CA,캐나다,밴쿠버,도심 전역,12,밴쿠버 크리스마스 시즌,SEASONAL,"밴쿠버 도심과 주요 관광지에서 조명, 마켓, 겨울 공연이 이어지는 연말 시즌이다.",https://www.destinationvancouver.com/events/holidays/,true,151
AMERICA,CA,캐나다,몬트리올,올드포트,1,이글루페스트 몬트리올,ART,올드포트 야외무대에서 전자음악 공연과 겨울 야외 축제 분위기를 즐기는 몬트리올 대표 겨울 음악 축제다.,https://igloofest.ca/en/,true,152
AMERICA,CA,캐나다,몬트리올,올드포트,2,이글루페스트 몬트리올,ART,올드포트 야외무대에서 전자음악 공연과 겨울 야외 축제 분위기를 즐기는 몬트리올 대표 겨울 음악 축제다.,https://igloofest.ca/en/,true,153
AMERICA,CA,캐나다,몬트리올,콰르티에 데 스펙타클,2,몬트리올 앙 뤼미에르,SEASONAL,"조명, 야외 프로그램, 공연, 미식 행사가 함께 열리는 몬트리올 대표 겨울 축제다.",https://montrealenlumiere.com/en,true,154
AMERICA,CA,캐나다,몬트리올,콰르티에 데 스펙타클,2,누이 블랑쉬 몬트리올,ART,몬트리올 앙 뤼미에르 기간 중 밤새 예술·공연·전시 프로그램을 즐기는 야간 문화 행사다.,https://montrealenlumiere.com/en/nuit-blanche,true,155
AMERICA,CA,캐나다,몬트리올,콰르티에 데 스펙타클,3,몬트리올 앙 뤼미에르,SEASONAL,"조명, 야외 프로그램, 공연, 미식 행사가 함께 열리는 몬트리올 대표 겨울 축제다.",https://montrealenlumiere.com/en,true,156
AMERICA,CA,캐나다,몬트리올,도심 퍼레이드 구간,3,몬트리올 성 패트릭의 날 퍼레이드,CULTURAL_FESTIVAL,아일랜드 문화와 성 패트릭의 날을 기념하며 도심에서 열리는 몬트리올의 오랜 전통 퍼레이드다.,https://unitedirishsocieties.ca/parade/,true,157
AMERICA,CA,캐나다,몬트리올,도심 공연장 일대,5,페스티벌 트랑스아메리크,ART,연극과 현대무용 중심의 국제 공연예술 작품이 몬트리올 여러 무대에서 열리는 예술 축제다.,https://fta.ca/en/,true,158
AMERICA,CA,캐나다,몬트리올,도심 공연장 일대,6,페스티벌 트랑스아메리크,ART,연극과 현대무용 중심의 국제 공연예술 작품이 몬트리올 여러 무대에서 열리는 예술 축제다.,https://fta.ca/en/,true,159
AMERICA,CA,캐나다,몬트리올,생로랑 블러바드,6,MURAL 페스티벌,ART,"도시 벽화, 거리예술, 음악과 공공미술 프로그램이 함께 열리는 몬트리올 대표 스트리트아트 축제다.",https://muralfestival.com/,true,160
AMERICA,CA,캐나다,몬트리올,콰르티에 데 스펙타클,6,프랑코 드 몬트리올,ART,프랑스어권 음악과 공연을 중심으로 열리는 몬트리올 대표 음악 축제다.,https://francosmontreal.com/en/,true,161
AMERICA,CA,캐나다,몬트리올,콰르티에 데 스펙타클/공연장 일대,6,몬트리올 국제 재즈 페스티벌,ART,재즈와 다양한 장르의 음악 공연이 도심 곳곳에서 열리는 세계적인 여름 음악 축제다.,https://www.montrealjazzfest.com/en-ca,true,162
AMERICA,CA,캐나다,몬트리올,콰르티에 데 스펙타클/공연장 일대,7,몬트리올 국제 재즈 페스티벌,ART,재즈와 다양한 장르의 음악 공연이 도심 곳곳에서 열리는 세계적인 여름 음악 축제다.,https://www.montrealjazzfest.com/en-ca,true,163
AMERICA,CA,캐나다,몬트리올,라롱드/자크카르티에 다리 일대,7,로또퀘백 국제 불꽃축제,FESTIVAL,라롱드에서 발사되는 대형 음악 불꽃 공연을 도심과 강변 여러 지점에서 감상할 수 있는 몬트리올 대표 불꽃축제다.,https://www.mtl.org/en/what-to-do/festivals-and-events/l-international-des-feux-loto-quebec,true,164
AMERICA,CA,캐나다,몬트리올,도심 공연장 일대,7,저스트 포 래프스 몬트리올,CULTURE,스탠드업 코미디와 공연 프로그램이 열리는 몬트리올 대표 코미디 축제다.,https://www.hahaha.com/en,true,165
AMERICA,CA,캐나다,몬트리올,도심 공연장/거리공간,7,몬트리올 서커스 페스티벌,ART,현대 서커스 공연과 거리 프로그램이 도심 곳곳에서 열리는 몬트리올의 대표 서커스 예술 축제다.,https://montrealcompletementcirque.com/en,true,166
AMERICA,CA,캐나다,몬트리올,라롱드/자크카르티에 다리 일대,8,로또퀘백 국제 불꽃축제,FESTIVAL,라롱드에서 발사되는 대형 음악 불꽃 공연을 도심과 강변 여러 지점에서 감상할 수 있는 몬트리올 대표 불꽃축제다.,https://www.mtl.org/en/what-to-do/festivals-and-events/l-international-des-feux-loto-quebec,true,167
AMERICA,CA,캐나다,몬트리올,장드라포 공원,8,오셰아가 음악 예술 페스티벌,ART,장드라포 공원에서 여러 장르의 대형 무대 공연과 예술 프로그램이 열리는 몬트리올 대표 음악 축제다.,https://osheaga.com/,true,168
AMERICA,CA,캐나다,몬트리올,몬트리올 식물원,9,몬트리올 식물원 빛의 정원,SEASONAL,몬트리올 식물원에서 중국·일본·퍼스트네이션 정원이 빛과 설치물로 꾸며지는 가을 야간 조명 행사다.,https://calendrier.espacepourlavie.ca/gardens-of-light,true,169
AMERICA,CA,캐나다,몬트리올,몬트리올 식물원,10,몬트리올 식물원 빛의 정원,SEASONAL,몬트리올 식물원에서 중국·일본·퍼스트네이션 정원이 빛과 설치물로 꾸며지는 가을 야간 조명 행사다.,https://calendrier.espacepourlavie.ca/gardens-of-light,true,170
AMERICA,CA,캐나다,몬트리올,도심 퍼레이드 구간,11,몬트리올 산타클로스 퍼레이드,SEASONAL,"연말 시즌을 맞아 산타와 퍼레이드카, 공연팀이 도심을 행진하는 몬트리올 대표 홀리데이 퍼레이드다.",https://www.defileduperenoel.com/,true,171
AMERICA,CA,캐나다,몬트리올,도심/올드몬트리올 일대,11,몬트리올 크리스마스 시즌,SEASONAL,"크리스마스 마켓, 조명, 겨울 공연과 산책 명소가 이어지는 몬트리올의 연말 시즌이다.",https://www.mtl.org/en/experience/holiday-season-montreal,true,172
AMERICA,CA,캐나다,몬트리올,올드포트,12,메리 몬트리올,SEASONAL,"올드포트와 도심에서 겨울 조명, 공연, 연말 분위기를 즐기는 몬트리올의 대표 홀리데이 시즌 행사다.",https://www.mtl.org/en/experience/holiday-season-montreal,true,173
AMERICA,CA,캐나다,몬트리올,도심/올드몬트리올 일대,12,몬트리올 크리스마스 시즌,SEASONAL,"크리스마스 마켓, 조명, 겨울 공연과 산책 명소가 이어지는 몬트리올의 연말 시즌이다.",https://www.mtl.org/en/experience/holiday-season-montreal,true,174
AMERICA,CA,캐나다,캘거리,다운타운/오클레어 플라자,1,치누크 블라스트,SEASONAL,"겨울철 다운타운에서 조명, 음악, 퍼포먼스, 마켓, 야외 활동이 함께 열리는 캘거리 대표 겨울 축제다.",https://www.chinookblast.ca/,true,175
AMERICA,CA,캐나다,캘거리,캘거리 동물원,1,캘거리 주라이트 시즌,SEASONAL,"캘거리 동물원에서 수많은 조명과 겨울 장식, 가족 프로그램을 즐기는 대표 겨울 조명 행사다.",https://www.calgaryzoo.com/events/zoolights/,true,176
AMERICA,CA,캐나다,캘거리,다운타운/오클레어 플라자,2,치누크 블라스트,SEASONAL,"겨울철 다운타운에서 조명, 음악, 퍼포먼스, 마켓, 야외 활동이 함께 열리는 캘거리 대표 겨울 축제다.",https://www.chinookblast.ca/,true,177
AMERICA,CA,캐나다,캘거리,스탬피드 파크,4,캘거리 코믹 & 엔터테인먼트 엑스포,CULTURE,"코믹스, SF, 애니메이션, 게임, 코스프레 팬 프로그램이 함께 열리는 캘거리 대표 팝컬처 행사다.",https://fanexpohq.com/calgaryexpo/,true,178
AMERICA,CA,캐나다,캘거리,헤리티지 파크,5,헤리티지 파크 봄 시즌 개장,SEASONAL,"헤리티지 파크 역사 마을이 봄부터 본격 운영을 시작하며 전통 건축, 체험, 역사 테마 관람이 이어지는 시즌 개장 행사다.",https://heritagepark.ca/events/historical-village-opening-weekend/,true,179
AMERICA,CA,캐나다,캘거리,4번가 일대,6,릴락 페스티벌,FESTIVAL,"4번가 일대에서 음악, 거리 공연, 음식, 지역 부스가 열리는 캘거리 대표 봄 거리 축제다.",https://lilacfestival.net/,true,180
AMERICA,CA,캐나다,캘거리,도심 여러 공연장,6,슬레드 아일랜드 음악 예술 페스티벌,ART,"캘거리 여러 공연장에서 독립 음악, 예술, 영화, 코미디 프로그램이 열리는 멀티베뉴 예술 축제다.",https://www.sledisland.com/,true,181
AMERICA,CA,캐나다,캘거리,스탬피드 파크,7,캘거리 스탬피드,CULTURAL_FESTIVAL,"서부 문화, 로데오, 퍼레이드, 공연, 놀이시설이 함께 열리는 캘거리 대표 대형 축제다.",https://www.calgarystampede.com/,true,182
AMERICA,CA,캐나다,캘거리,프린스 아일랜드 파크,7,캘거리 포크 뮤직 페스티벌,ART,"프린스 아일랜드 파크에서 포크, 월드뮤직, 싱어송라이터 공연이 열리는 여름 음악 축제다.",https://www.calgaryfolkfest.com/,true,183
AMERICA,CA,캐나다,캘거리,스프루스 메도스,8,글로벌페스트 국제 불꽃축제,CULTURAL_FESTIVAL,"다문화 공연, 음식, 커뮤니티 프로그램과 국제 불꽃 공연이 함께 열리는 캘거리 대표 여름 축제다.",https://globalfest.ca/,true,184
AMERICA,CA,캐나다,캘거리,도심 공연장 일대,8,캘거리 국제 블루스 페스티벌,ART,블루스 음악 공연과 커뮤니티 프로그램이 열리는 캘거리 대표 여름 음악 축제다.,https://www.calgarybluesfest.com/,true,185
AMERICA,CA,캐나다,캘거리,캘거리 동물원,11,캘거리 주라이트 시즌,SEASONAL,"캘거리 동물원에서 수많은 조명과 겨울 장식, 가족 프로그램을 즐기는 대표 겨울 조명 행사다.",https://www.calgaryzoo.com/events/zoolights/,true,186
AMERICA,CA,캐나다,캘거리,캘거리 동물원,12,캘거리 주라이트 시즌,SEASONAL,"캘거리 동물원에서 수많은 조명과 겨울 장식, 가족 프로그램을 즐기는 대표 겨울 조명 행사다.",https://www.calgaryzoo.com/events/zoolights/,true,187
AMERICA,CA,캐나다,캘거리,도심 전역,12,캘거리 크리스마스 시즌,SEASONAL,"캘거리 도심과 주요 관광지에서 조명, 마켓, 겨울 공연이 이어지는 연말 시즌이다.",https://www.visitcalgary.com/things-to-do/stories-from-calgary/christmas-in-calgary,true,188
AMERICA,CA,캐나다,캘거리,오클레어 플라자/프린스 아일랜드 파크,12,캘거리 새해 전야 카운트다운,HOLIDAY,"12월 31일 밤 라이브 음악, 스케이트, 야외 프로그램과 불꽃놀이로 새해를 맞이하는 캘거리 연말 행사다.",https://newsroom.calgary.ca/kick-off-2026-with-fireworks-music-and-celebration/,true,189
